id;name;customer_number;contact_name;contact_phone;contact_email;notes
1;Assistant;Generic heuristic;program orchid Investment Account;Security;Team-oriented;pricing structure
2;mission-critical auxiliary;functionalities;sky blue Consultant Malta;alarm Licensed Rubber Bacon;Chile dedicated;users
3;mobile azure Soft;Implementation JBOD;Gorgeous Uzbekistan Sum;artificial intelligence;bypass Awesome Steel Tuna Spurs;Specialist copying
4;protocol;quantifying Handmade;violet Compatible primary;Credit Card Account;Algerian Dinar;Accounts Falkland Islands Pound
5;calculate initiatives Electronics;Cheese benchmark quantifying;Games invoice Pine;Nevada connect Handcrafted;FTP Rustic;Re-engineered
6;Refined Hat Hat;Central African Republic Georgia;Robust ivory Ports;Future;transmitting Home Loan Account;Handcrafted Metrics
7;Shirt Liaison;overriding Rustic Cotton Table;approach maroon Branding;Via;transmitting Virtual;initiatives multi-tasking
8;Generic Concrete Bacon Equatorial Guinea Fall;transitional Forint Steel;real-time;Clothing;upward-trending Checking Account overriding;Buckinghamshire Tala backing up
9;Future Egypt;Intranet Ramp Latvian Lats;Internal New Leu Licensed;Isle of Man Dynamic Meadows;Brand system-worthy Soft;Cocos (Keeling) Islands scale Checking Account
10;Maine bypass embrace;Specialist South Carolina indexing;monitor synthesizing salmon;Executive full-range back up;neural Games orange;multi-byte hard drive Loaf
