id;name;status;start_date;end_date
1;Table mesh Optimization;false;2021-02-23T05:23:12;2021-02-22T20:20:29
2;Motorway;false;2021-02-23T07:36:59;2021-02-23T01:46:28
3;Agent Communications;false;2021-02-23T08:39:58;2021-02-23T08:37:33
4;Health benchmark;true;2021-02-22T16:34:58;2021-02-22T20:27:24
5;Sleek SSL;false;2021-02-23T07:46:22;2021-02-22T20:10:14
6;Money Market Account Cheese Rubber;true;2021-02-22T19:56:57;2021-02-23T05:21:54
7;cultivate Manor multi-byte;false;2021-02-22T18:59:41;2021-02-23T01:01:55
8;parse;true;2021-02-23T09:49:37;2021-02-23T14:31:21
9;purple sky blue;false;2021-02-23T07:56:27;2021-02-22T17:20:35
10;Turnpike Group;false;2021-02-22T20:17:57;2021-02-23T05:34:37
