id;system_id;type;summary;description;priority;status;create_date;update_date
1;out-of-the-box Adaptive users;Quetzal Reactive HTTP;Granite;deliverables Afghanistan Planner;Tasty Seychelles Rupee blue;withdrawal invoice Norwegian Krone;2021-02-23T13:51:10;2021-02-23T08:14:38
2;niches Connecticut;modular;Administrator Games;frictionless frame Legacy;Applications;Savings Account Toys;2021-02-23T14:46:48;2021-02-23T11:52:16
3;Intelligent Cotton Car payment;Plastic Incredible;driver;Computer benchmark Crest;Credit Card Account Kids North Dakota;Generic Cotton;2021-02-22T19:34:48;2021-02-23T09:16:26
4;SAS;Group Balanced;Small Unbranded Frozen Chair;Colombian Peso Unidad de Valor Real Bike Views;Berkshire systems Credit Card Account;deposit directional;2021-02-23T00:07:01;2021-02-22T21:38:44
5;Innovative 24/365 Kids;Personal Loan Account;schemas solid state;Checking Account Fully-configurable;Analyst Rustic Frozen Keyboard;attitude-oriented;2021-02-22T18:05:01;2021-02-23T02:05:10
6;wireless Beauty Computer;Interactions;transmit;asynchronous bluetooth Refined;Technician bus;Baby;2021-02-22T17:17:09;2021-02-22T17:12:06
7;Cambridgeshire;niches;alarm Fantastic TCP;Sports;Wooden strategy system;initiatives open-source magenta;2021-02-23T10:44:44;2021-02-23T03:56:51
8;Money Market Account;human-resource;impactful neural;Centers Indian Rupee;Handmade Soft Pizza Soft;Consultant emulation;2021-02-23T05:07:52;2021-02-23T06:27:46
9;Metrics optical salmon;Interactions viral Savings Account;purple Guam deposit;magenta Handcrafted Plastic Shirt;Optimization Licensed Frozen Tuna;Saint Kitts and Nevis Bedfordshire Rubber;2021-02-23T14:35:55;2021-02-23T06:19:43
10;synthesize Games metrics;deposit Legacy Kwanza;harness Corporate Checking Account;application indexing viral;Unbranded index;Ball Global;2021-02-23T00:27:50;2021-02-23T02:26:08
